ks,kt,part,mean_pct,hit,stop_share,tgt_share,time_share,n
0.75,1.0,all,0.12371877736847871,0.4860294117647059,0.37941176470588234,0.31323529411764706,0.3073529411764706,4080
0.75,1.0,H1,-0.16071106380738176,0.4796116504854369,0.39368932038834953,0.3,0.3063106796116505,2060
0.75,1.0,H2,0.4137808926270294,0.49257425742574257,0.36485148514851484,0.32673267326732675,0.3084158415841584,2020
0.75,1.5,all,0.2734571296021669,0.46176470588235297,0.38872549019607844,0.1588235294117647,0.45245098039215687,4080
0.75,1.5,H1,-0.08196353425479522,0.4558252427184466,0.40242718446601944,0.15048543689320387,0.4470873786407767,2060
0.75,1.5,H2,0.6359158264067916,0.46782178217821785,0.37475247524752475,0.16732673267326734,0.45792079207920794,2020
0.75,2.0,all,0.2914658501801808,0.4549019607843137,0.3911764705882353,0.075,0.5338235294117647,4080
0.75,2.0,H1,-0.11462075974360186,0.44902912621359226,0.4053398058252427,0.0703883495145631,0.5242718446601942,2060
0.75,2.0,H2,0.7055937791123553,0.4608910891089109,0.37673267326732673,0.0797029702970297,0.5435643564356436,2020
0.75,2.5,all,0.33225846963735683,0.45441176470588235,0.391421568627451,0.039705882352941174,0.5688725490196078,4080
0.75,2.5,H1,-0.12103542964408244,0.44854368932038835,0.4053398058252427,0.032524271844660196,0.5621359223300971,2060
0.75,2.5,H2,0.7945284857362502,0.4603960396039604,0.37722772277227723,0.04702970297029703,0.5757425742574257,2020
0.75,3.0,all,0.35069722015672716,0.45441176470588235,0.391421568627451,0.021813725490196077,0.586764705882353,4080
0.75,3.0,H1,-0.1224487745279372,0.44854368932038835,0.4053398058252427,0.017475728155339806,0.5771844660194175,2060
0.75,3.0,H2,0.8332124424589098,0.4603960396039604,0.37722772277227723,0.026237623762376237,0.5965346534653465,2020
0.75,none,all,0.35769095591087746,0.45441176470588235,0.391421568627451,0.0,0.608578431372549,4080
0.75,none,H1,-0.13862171439665483,0.44854368932038835,0.4053398058252427,0.0,0.5946601941747572,2060
0.75,none,H2,0.8638315998878654,0.4603960396039604,0.37722772277227723,0.0,0.6227722772277228,2020
1.0,1.0,all,0.22202604064518694,0.5223039215686275,0.25441176470588234,0.3264705882352941,0.41911764705882354,4080
1.0,1.0,H1,-0.2616754326085436,0.5131067961165049,0.27864077669902915,0.3116504854368932,0.4097087378640777,2060
1.0,1.0,H2,0.715305760894041,0.5316831683168317,0.2297029702970297,0.3415841584158416,0.4287128712871287,2020
1.0,1.5,all,0.38879090495699203,0.4980392156862745,0.26053921568627453,0.16519607843137254,0.5742647058823529,4080
1.0,1.5,H1,-0.1677413518860201,0.4893203883495146,0.28640776699029125,0.15776699029126215,0.5558252427184466,2060
1.0,1.5,H2,0.9563436025295685,0.5069306930693069,0.23415841584158417,0.17277227722772276,0.593069306930693,2020
1.0,2.0,all,0.41873062787212056,0.49166666666666664,0.26151960784313727,0.07867647058823529,0.6598039215686274,4080
1.0,2.0,H1,-0.18235181677601034,0.4830097087378641,0.287378640776699,0.07475728155339806,0.6378640776699029,2060
1.0,2.0,H2,1.0317156951865514,0.5004950495049505,0.23514851485148514,0.08267326732673268,0.6821782178217822,2020
1.0,2.5,all,0.4617848213234312,0.49117647058823527,0.26176470588235295,0.04191176470588235,0.6963235294117647,4080
1.0,2.5,H1,-0.18227381008060894,0.4825242718446602,0.287378640776699,0.03495145631067961,0.6776699029126214,2060
1.0,2.5,H2,1.1185970889928982,0.5,0.23564356435643563,0.04900990099009901,0.7153465346534653,2020
1.0,3.0,all,0.48482063259435315,0.49117647058823527,0.26176470588235295,0.023284313725490197,0.7149509803921569,4080
1.0,3.0,H1,-0.17898719339671582,0.4825242718446602,0.287378640776699,0.018446601941747572,0.6941747572815534,2060
1.0,3.0,H2,1.161773168010988,0.5,0.23564356435643563,0.02821782178217822,0.7361386138613861,2020
1.0,none,all,0.48738379668188175,0.49117647058823527,0.26176470588235295,0.0,0.7382352941176471,4080
1.0,none,H1,-0.20450889273798323,0.4825242718446602,0.287378640776699,0.0,0.7126213592233009,2060
1.0,none,H2,1.192977331436794,0.5,0.23564356435643563,0.0,0.7643564356435644,2020
1.25,1.0,all,0.25098422136647336,0.5352941176470588,0.17549019607843136,0.3316176470588235,0.4928921568627451,4080
1.25,1.0,H1,-0.34957626017370064,0.5233009708737864,0.2029126213592233,0.3155339805825243,0.4815533980582524,2060
1.25,1.0,H2,0.8634369896698193,0.5475247524752476,0.14752475247524752,0.348019801980198,0.5044554455445545,2020
1.25,1.5,all,0.4257776575612177,0.5115196078431372,0.17892156862745098,0.1676470588235294,0.6534313725490196,4080
1.25,1.5,H1,-0.2469638393300161,0.5,0.20631067961165048,0.16019417475728157,0.633495145631068,2060
1.25,1.5,H2,1.1118407682522777,0.5232673267326733,0.15099009900990099,0.17524752475247524,0.6737623762376238,2020
1.25,2.0,all,0.4573271936069187,0.5051470588235294,0.17941176470588235,0.07965686274509803,0.7409313725490196,4080
1.25,2.0,H1,-0.26307118338902763,0.4936893203883495,0.20679611650485438,0.07524271844660194,0.7179611650485437,2060
1.25,2.0,H2,1.1919908849988243,0.5168316831683168,0.15148514851485148,0.08415841584158416,0.7643564356435644,2020
1.25,2.5,all,0.5041682418056861,0.504656862745098,0.17941176470588235,0.04264705882352941,0.7779411764705882,4080
1.25,2.5,H1,-0.2617459058118592,0.49320388349514566,0.20679611650485438,0.0354368932038835,0.7577669902912622,2060
1.25,2.5,H2,1.2852490062077373,0.5163366336633664,0.15148514851485148,0.05,0.7985148514851486,2020
1.25,3.0,all,0.5284996215789728,0.504656862745098,0.17941176470588235,0.023774509803921567,0.796813725490196,4080
1.25,3.0,H1,-0.2594803415201389,0.49320388349514566,0.20679611650485438,0.018446601941747572,0.7747572815533981,2060
1.25,3.0,H2,1.3320831483038096,0.5163366336633664,0.15148514851485148,0.02920792079207921,0.8193069306930693,2020
1.25,none,all,0.5350278099243282,0.504656862745098,0.17941176470588235,0.0,0.8205882352941176,4080
1.25,none,H1,-0.28500204086140624,0.49320388349514566,0.20679611650485438,0.0,0.7932038834951456,2060
1.25,none,H2,1.3712958755771067,0.5163366336633664,0.15148514851485148,0.0,0.8485148514851485,2020
1.5,1.0,all,0.29908925698836275,0.5416666666666666,0.11544117647058824,0.3338235294117647,0.5507352941176471,4080
1.5,1.0,H1,-0.35042713354584476,0.5320388349514563,0.13495145631067962,0.3169902912621359,0.5480582524271844,2060
1.5,1.0,H2,0.9614673582262179,0.5514851485148515,0.09554455445544555,0.35099009900990097,0.5534653465346535,2020
1.5,1.5,all,0.48354877299197874,0.5178921568627451,0.11740196078431372,0.16887254901960785,0.7137254901960784,4080
1.5,1.5,H1,-0.2424793263602629,0.5087378640776699,0.13689320388349516,0.16019417475728157,0.7029126213592233,2060
1.5,1.5,H2,1.2239536663907993,0.5272277227722773,0.09752475247524753,0.17772277227722771,0.7247524752475247,2020
1.5,2.0,all,0.511048233196686,0.5115196078431372,0.1178921568627451,0.07990196078431372,0.8022058823529412,4080
1.5,2.0,H1,-0.25979307014915837,0.5024271844660194,0.13737864077669903,0.07524271844660194,0.7873786407766991,2060
1.5,2.0,H2,1.2971537207672008,0.5207920792079208,0.09801980198019802,0.08465346534653466,0.8173267326732673,2020
1.5,2.5,all,0.5577242090720705,0.5110294117647058,0.1178921568627451,0.04264705882352941,0.8394607843137255,4080
1.5,2.5,H1,-0.2584677925719899,0.5019417475728155,0.13737864077669903,0.0354368932038835,0.8271844660194175,2060
1.5,2.5,H2,1.3900784285704688,0.5202970297029703,0.09801980198019802,0.05,0.851980198019802,2020
1.5,3.0,all,0.5820555888453572,0.5110294117647058,0.1178921568627451,0.023774509803921567,0.8583333333333333,4080
1.5,3.0,H1,-0.2562022282802696,0.5019417475728155,0.13737864077669903,0.018446601941747572,0.8441747572815534,2060
1.5,3.0,H2,1.436912570666541,0.5202970297029703,0.09801980198019802,0.02920792079207921,0.8727722772277228,2020
1.5,none,all,0.5885837771907125,0.5110294117647058,0.1178921568627451,0.0,0.8821078431372549,4080
1.5,none,H1,-0.281723927621537,0.5019417475728155,0.13737864077669903,0.0,0.862621359223301,2060
1.5,none,H2,1.4761252979398385,0.5202970297029703,0.09801980198019802,0.0,0.901980198019802,2020
2.0,1.0,all,0.31980121067983813,0.5443627450980392,0.056862745098039215,0.3348039215686274,0.6083333333333333,4080
2.0,1.0,H1,-0.3733500019227185,0.5334951456310679,0.07330097087378641,0.3174757281553398,0.6092233009708737,2060
2.0,1.0,H2,1.026678189868584,0.5554455445544555,0.0400990099009901,0.35247524752475246,0.6074257425742574,2020
2.0,1.5,all,0.5026675871577871,0.520343137254902,0.057352941176470586,0.16911764705882354,0.7735294117647059,4080
2.0,1.5,H1,-0.2576184453660691,0.5101941747572816,0.07378640776699029,0.16019417475728157,0.7660194174757281,2060
2.0,1.5,H2,1.2780087886425116,0.5306930693069307,0.040594059405940595,0.1782178217821782,0.7811881188118812,2020
2.0,2.0,all,0.5308106553844473,0.5139705882352941,0.057352941176470586,0.08014705882352942,0.8625,4080
2.0,2.0,H1,-0.2736580577067028,0.503883495145631,0.07378640776699029,0.07524271844660194,0.8509708737864078,2060
2.0,2.0,H2,1.351209442002155,0.5242574257425743,0.040594059405940595,0.08514851485148515,0.8742574257425743,2020
2.0,2.5,all,0.5758892135153089,0.5134803921568627,0.057352941176470586,0.04264705882352941,0.9,4080
2.0,2.5,H1,-0.27233278012953427,0.5033980582524272,0.07378640776699029,0.0354368932038835,0.8907766990291263,2060
2.0,2.5,H2,1.4409076822818323,0.5237623762376238,0.040594059405940595,0.05,0.9094059405940594,2020
2.0,3.0,all,0.6002205932885956,0.5134803921568627,0.057352941176470586,0.023774509803921567,0.9188725490196078,4080
2.0,3.0,H1,-0.270067215837814,0.5033980582524272,0.07378640776699029,0.018446601941747572,0.9077669902912622,2060
2.0,3.0,H2,1.487741824377904,0.5237623762376238,0.040594059405940595,0.02920792079207921,0.9301980198019802,2020
2.0,none,all,0.6067487816339506,0.5134803921568627,0.057352941176470586,0.0,0.9426470588235294,4080
2.0,none,H1,-0.2955889151790814,0.5033980582524272,0.07378640776699029,0.0,0.9262135922330097,2060
2.0,none,H2,1.5269545516512015,0.5237623762376238,0.040594059405940595,0.0,0.9594059405940594,2020
9%,15%,all,0.29737726967356437,0.47941176470588237,0.3107843137254902,0.14681372549019608,0.5424019607843137,4080
9%,15%,H1,0.04642813758457615,0.4825242718446602,0.28689320388349515,0.10533980582524272,0.6077669902912621,2060
9%,15%,H2,0.553295691506889,0.4762376237623762,0.33514851485148517,0.1891089108910891,0.4757425742574257,2020
none,none,all,0.7123562638888403,0.5147058823529411,0.0,0.0,1.0,4080
none,none,H1,-0.1691391058191652,0.5053398058252427,0.0,0.0,1.0,2060
none,none,H2,1.6113069874524502,0.5242574257425743,0.0,0.0,1.0,2020
