run,ticker,direction,at,era,H,sig,sig_src,conf,outcome,bars,pnl,R,stop_u,tgt_u,rr,entry_off
2026-06-01T12-48-25,NVDA,BUY,2026-06-01 12:48:25+00:00,old,10,0.02247307317189664,yahoo,78,expired,10.0,-3.0737925129890153,,,,,
2026-06-01T12-48-25,CRM,BUY,2026-06-01 12:48:25+00:00,old,10,0.02847271527170639,yahoo,77,expired,10.0,-15.379381711651218,,,,,
2026-06-01T12-48-25,LLY,BUY,2026-06-01 12:48:25+00:00,old,10,0.023475723912295975,yahoo,87,expired,10.0,5.806794340508437,,,,,
2026-06-01T12-48-25,UCG.MI,BUY,2026-06-01 12:48:25+00:00,old,10,0.02566758519872227,yahoo,85,expired,10.0,0.5393036750085622,,,,,
2026-06-01T12-48-25,ISP.MI,BUY,2026-06-01 12:48:25+00:00,old,10,0.018109276228223156,yahoo,80,expired,10.0,2.5261404798875953,,,,,
2026-06-01T14-13-59,TSLA,SELL,2026-06-01 14:13:59+00:00,old,10,0.025284838494523714,yahoo,57,unfilled,,,,,,,
2026-06-01T14-13-59,LLY,BUY,2026-06-01 14:13:59+00:00,old,10,0.023475723912295975,yahoo,59,expired,10.0,5.806794340508437,,,,,
2026-06-01T14-13-59,2330.TW,BUY,2026-06-01 14:13:59+00:00,old,10,0.02353362785311146,yahoo,61,unfilled,,,,,,,
2026-06-01T14-13-59,005930.KS,BUY,2026-06-01 14:13:59+00:00,old,10,0.04894117167839175,yahoo,64,unfilled,,,,,,,
2026-06-01T14-13-59,0700.HK,BUY,2026-06-01 14:13:59+00:00,old,10,0.021657515999165933,yahoo,62,unfilled,,,,,,,
2026-06-11T21-18-50,MU,BUY,2026-06-11 21:18:50+00:00,old,10,0.057734753189069475,yahoo,84,unfilled,,,,,,,
2026-06-11T21-18-50,TTE.PA,BUY,2026-06-11 21:18:50+00:00,old,10,0.01840538334083674,yahoo,72,expired,10.0,-8.602723569996895,,,,,
2026-06-11T21-18-50,UCG.MI,BUY,2026-06-11 21:18:50+00:00,old,10,0.023679059341505486,yahoo,74,unfilled,,,,,,,
2026-06-11T21-18-50,8306.T,BUY,2026-06-11 21:18:50+00:00,old,10,0.020055303179290208,yahoo,62,expired,10.0,2.929003502069394,,,,,
2026-06-11T21-18-50,2382.TW,BUY,2026-06-11 21:18:50+00:00,old,10,0.03330817226843842,yahoo,82,expired,10.0,-4.232804232804233,,,,,
2026-06-14T10-54-42,LLY,BUY,2026-06-14 10:54:42+00:00,old,10,0.0227845063424289,yahoo,83,expired,10.0,8.555168023913273,,,,,
2026-06-14T10-54-42,NKE,SELL,2026-06-14 10:54:42+00:00,old,10,0.02886514090916567,yahoo,66,expired,10.0,8.553794126779145,,,,,
2026-06-14T10-54-42,UCG.MI,BUY,2026-06-14 10:54:42+00:00,old,10,0.02420010826230157,yahoo,75,expired,10.0,5.170522685321943,,,,,
2026-06-14T10-54-42,000660.KS,BUY,2026-06-14 10:54:42+00:00,old,10,0.057513866158930727,yahoo,85,unfilled,,,,,,,
2026-06-14T10-54-42,2330.TW,BUY,2026-06-14 10:54:42+00:00,old,10,0.021749980685751038,yahoo,80,unfilled,,,,,,,
2026-06-16T21-47-18,LLY,BUY,2026-06-17 14:30:00+00:00,old,10,0.02274159926807551,yahoo,76,expired,10.0,8.337427800294028,,,,,
2026-06-16T21-47-18,CAT,BUY,2026-06-17 14:30:00+00:00,old,10,0.02764833037780017,yahoo,80,unfilled,,,,,,,
2026-06-16T21-47-18,ITX.MC,BUY,2026-06-17 14:30:00+00:00,old,10,0.017579618752369786,yahoo,81,expired,10.0,-0.35752047399353337,,,,,
2026-06-16T21-47-18,005930.KS,BUY,2026-06-17 14:30:00+00:00,old,10,0.04862016275287685,yahoo,81,expired,10.0,-9.766763848396497,,,,,
2026-06-16T21-47-18,2330.TW,BUY,2026-06-17 14:30:00+00:00,old,10,0.02147259699359656,yahoo,88,expired,10.0,2.9227557411273475,,,,,
2026-06-30T14-17-14,MU,BUY,2026-06-30 14:17:14+00:00,old,10,0.06286661551834949,yahoo,84,expired,10.0,-16.425909082601574,,,,,
2026-06-30T14-17-14,NVDA,BUY,2026-06-30 14:17:14+00:00,old,10,0.025040899221677203,yahoo,79,expired,10.0,8.991126157635488,,,,,
2026-06-30T14-17-14,DXCM,BUY,2026-06-30 14:17:14+00:00,old,10,0.025876316406070514,yahoo,75,expired,10.0,6.7048113986013735,,,,,
2026-06-30T14-17-14,0700.HK,BUY,2026-06-30 14:17:14+00:00,old,10,0.023511525076994753,yahoo,73,unfilled,,,,,,,
2026-06-30T14-17-14,DBS.SI,BUY,2026-06-30 14:17:14+00:00,old,10,,yahoo,71,open,,,,,,,
2026-07-11T21-25-47,LLY,BUY,2026-07-11 21:25:47+00:00,old,10,0.023647472748696347,yahoo,72,expired,10.0,1.3490305262157332,,,,,
2026-07-11T21-25-47,NVDA,BUY,2026-07-11 21:25:47+00:00,old,10,0.02549295821760583,yahoo,88,expired,10.0,-0.8151898930531143,,,,,
2026-07-11T21-25-47,2330.TW,BUY,2026-07-11 21:25:47+00:00,old,10,0.020731359047318248,yahoo,85,expired,10.0,-2.4896265560165998,,,,,
2026-07-11T21-25-47,0700.HK,BUY,2026-07-11 21:25:47+00:00,old,10,0.024173210388865697,yahoo,74,expired,10.0,-5.562799961856346,,,,,
2026-07-11T21-25-47,005930.KS,BUY,2026-07-11 21:25:47+00:00,old,10,0.053279497734982,yahoo,77,expired,10.0,-10.87719298245614,,,,,
2026-07-15T07-03-37,NKE,SELL,2026-07-15 07:03:37+00:00,old,10,0.020316558267555383,yahoo,70,expired,10.0,-0.7459200080242034,,,,,
2026-07-15T07-03-37,JPM,BUY,2026-07-15 07:03:37+00:00,old,10,0.014226129654975219,yahoo,77,expired,10.0,0.5307756799236785,,,,,
2026-07-15T07-03-37,NVDA,BUY,2026-07-15 07:03:37+00:00,old,10,0.026386407081272288,yahoo,82,expired,10.0,-9.592236683517374,,,,,
2026-07-15T07-03-37,ASML,BUY,2026-07-15 07:03:37+00:00,old,10,0.03665232405632987,yahoo,79,expired,10.0,-4.749165782236952,,,,,
2026-07-15T07-03-37,ITX.MC,BUY,2026-07-15 07:03:37+00:00,old,10,0.016011842137186327,yahoo,72,expired,10.0,5.1005171286436335,,,,,
2026-07-19T12-18-27,AAPL,BUY,2026-07-19 12:18:27+00:00,old,12,0.018128733120401492,quant,72,stop,10.0,-8.605442525458306,-1.0826103973845373,1.2758366177985585,2.111762479572332,1.655198204936424,-7.218373285581978e-07
2026-07-19T12-18-27,TSLA,SELL,2026-07-19 12:18:27+00:00,old,12,0.029231611912292337,quant,54,target,8.0,22.28985636935591,1.7760570921070036,1.391440771036889,2.096236897700746,1.5065225493850156,1.4711297883068688e-07
2026-07-19T12-18-27,AMZN,BUY,2026-07-19 12:18:27+00:00,old,12,0.023654926728105572,quant,65,expired,12.0,10.281921245999426,1.027901087605515,1.2207049828204306,2.01246025675653,1.6486049332794188,-3.267159440742336e-07
2026-07-19T12-18-27,BAYN.DE,BUY,2026-07-19 12:18:27+00:00,old,12,0.030944066710054535,quant,56,expired,12.0,0.4162346849429177,0.031746156692039486,1.291728074535671,2.1252873238262007,1.6453055141579729,-2.730395300245852e-07
2026-07-19T12-18-27,UCG.MI,BUY,2026-07-19 12:18:27+00:00,old,15,0.01386653367867499,quant,80,expired,15.0,4.857750982584341,0.7122049514650814,1.2937174762519248,2.518128659133215,1.9464285714285745,-6.105653036885825e-07
2026-08-28T21-42-55,NVDA,BUY,2026-08-28 21:42:55+00:00,new,15,0.023386930660748192,quant,75,expired,15.0,4.518503738364732,0.5028135489929652,0.9921305357795859,1.6467844442991066,1.6598465473145765,2.682456818334745e-07
2026-08-28T21-42-55,2330.TW,BUY,2026-08-28 21:42:55+00:00,new,15,0.01977115627477194,quant,67,expired,15.0,3.3613445378151363,0.43243243243243373,1.015119272091857,1.6187037041464747,1.5945945945945945,0.28157049291777014
2026-08-28T21-42-55,MELI,BUY,2026-08-28 21:42:55+00:00,new,15,0.025736416201621176,quant,61,expired,15.0,-6.833676013146106,-0.6545589671415437,1.1033763723169283,1.7028987942694787,1.5433526011560694,0.0
2026-08-28T21-42-55,BAC,BUY,2026-08-28 21:42:55+00:00,new,15,0.010739011497103492,quant,57,stop,10.0,-4.417670682730924,-0.9999999999999999,1.0879569899425499,1.6898055375703442,1.553191489361703,-2.0392633468010127e-07
2026-08-28T21-42-55,2454.TW,BUY,2026-08-28 21:42:55+00:00,new,12,0.042424509169948894,quant,72,target,6.0,23.415265200517467,1.6017699115044248,0.9946985848834468,1.593278264282335,1.6017699115044248,0.0
2026-08-29T16-17-46,MU,BUY,2026-08-29 16:17:46+00:00,new,10,0.04986077112624433,quant,61,expired,10.0,-0.258067141297047,-0.016326696694302974,1.0024792576003085,1.5344070269392478,1.530612244897959,0.0516836554975488
2026-08-29T16-17-46,NVDA,BUY,2026-08-29 16:17:46+00:00,new,15,0.023098830632566444,quant,64,expired,15.0,3.888157333337805,0.7484620422361334,1.0050401001294629,1.5688430831289177,1.5609756097560976,-0.0016988343088816238
2026-08-29T16-17-46,PLD,BUY,2026-08-29 16:17:46+00:00,new,20,0.012898489756265924,quant,58,stop,10.0,-4.571428571428571,-0.9999999999999989,1.0082558429962576,1.5459922925942622,1.533333333333334,1.4918557654949133e-06
2026-08-29T16-17-46,ISRG,BUY,2026-08-29 16:17:46+00:00,new,15,0.018451671610592704,quant,52,expired,15.0,9.441415230649696,1.1549997965494796,1.1438625572272434,1.75392258774844,1.5333333333333334,0.004622467423789426
2026-08-29T16-17-46,HDFCBANK.NS,SELL,2026-08-29 16:17:46+00:00,new,20,0.008780197483776061,quant,41,open,17.0,-2.1506103389107745,-0.5563499463895348,1.0965032302421096,1.6624403813348114,1.5161290322580645,-0.021212941248543633
2026-08-29T21-39-19,NVDA,BUY,2026-08-29 21:39:19+00:00,new,15,0.023098830632566444,quant,70,expired,15.0,3.888157333337805,0.5922068655017472,1.1512395981755075,1.815114562370414,1.5766609880749585,-3.628326509135755e-07
2026-08-29T21-39-19,2330.TW,BUY,2026-08-29 21:39:19+00:00,new,15,0.013936187632226498,quant,50,expired,15.0,2.713987473903967,0.4642857142857144,1.2632199149485548,2.028807742190103,1.606060606060606,0.0
2026-08-29T21-39-19,MU,BUY,2026-08-29 21:39:19+00:00,new,10,0.04986077112624433,quant,63,expired,10.0,-0.7902151876022168,-0.05205449175362823,0.9857864016859439,1.5907238991645873,1.6136598115413718,1.404606197595279e-07
2026-08-29T21-39-19,FCX,BUY,2026-08-29 21:39:19+00:00,new,15,0.028460200895050664,quant,53,stop,10.0,-11.942446442348963,-1.1066667036576707,0.9790229395712405,1.4893015626204926,1.5212121212121208,-6.272629403343723e-07
2026-08-29T21-39-19,9988.HK,SELL,2026-08-29 21:39:19+00:00,new,12,0.03305522165610235,quant,45,expired,12.0,6.782611349354617,0.6000002347506007,1.081097073751687,1.7174875497899151,1.5886524822695045,-1.8124718158621544e-07
2026-08-31T09-39-06,BAYN.DE,BUY,2026-08-31 09:51:16+00:00,new,10,0.017488526588348874,quant,40,expired,10.0,0.652935157071588,,,,,
2026-08-31T09-39-06,BBVA.MC,BUY,2026-08-31 09:51:16+00:00,new,10,0.010929155099046291,quant,44,expired,10.0,0.3199996948242134,,,,,
2026-08-31T09-39-06,BMW.DE,SELL,2026-08-31 09:51:16+00:00,new,10,0.017159720410287356,quant,40,expired,10.0,-0.7388418110683137,,,,,
2026-08-31T09-39-06,ASML.AS,BUY,2026-08-31 09:51:16+00:00,new,10,0.023520568117161092,quant,37,expired,10.0,-4.038162378336951,,,,,
2026-08-31T09-39-06,MRK,BUY,2026-08-31 09:51:16+00:00,new,10,0.027922891005270352,quant,41,unfilled,,,,,,,
2026-09-01T06-50-32,TTD,SELL,2026-09-01 07:02:31+00:00,new,10,0.07930699821418183,quant,44,expired,10.0,-5.6122411742205225,,,,,
2026-09-01T06-50-32,MU,BUY,2026-09-01 07:02:31+00:00,new,10,0.0448952495384987,quant,41,expired,10.0,-0.45980782938823683,,,,,
2026-09-01T06-50-32,BBVA.MC,BUY,2026-09-01 07:02:31+00:00,new,10,0.011073390987206983,quant,44,expired,10.0,-0.08025865851700731,,,,,
2026-09-01T06-50-32,AMGN,BUY,2026-09-01 07:02:31+00:00,new,10,0.0180833813355775,quant,41,unfilled,,,,,,,
2026-09-01T06-50-32,NKE,SELL,2026-09-01 07:02:31+00:00,new,10,0.01913557192829203,quant,45,unfilled,,,,,,,
2026-09-01T12-56-18,STLAM.MI,SELL,2026-09-01 12:56:18+00:00,new,10,0.02481206322198143,quant,26,expired,10.0,7.712763928352517,0.659090735695579,1.491426833119106,2.8472694086819317,1.9090909090909103,0.27645352110057597
2026-09-01T12-56-18,BAYN.DE,BUY,2026-09-01 12:56:18+00:00,new,15,0.01565153694834567,quant,37,expired,15.0,1.3085246200063239,0.18233601637342184,1.2120032947164388,2.4240065894328775,2.0,0.08140461048849891
2026-09-01T12-56-18,9984.T,SELL,2026-09-01 12:56:18+00:00,new,10,0.043738427814388865,quant,37,stop,2.0,-15.789473684210531,-1.0000000000000002,1.1415750952294057,2.2831501904588114,2.0,0.11270131396928564
2026-09-01T12-56-18,8035.T,BUY,2026-09-01 12:56:18+00:00,new,10,0.03678005418638915,quant,40,expired,10.0,-4.685735792246892,-0.3927444794952679,1.2551541425353467,2.5103082850706935,2.0,0.03980800403531661
2026-09-01T12-56-18,AMGN,BUY,2026-09-01 12:56:18+00:00,new,15,0.0180833813355775,quant,32,unfilled,,,,1.2076456778260662,2.4152913556521325,2.0,0.10815512143958651
2026-09-01T14-47-26,STLAM.MI,SELL,2026-09-01 14:47:26+00:00,new,10,0.02481206322198143,quant,38,expired,10.0,6.720428056614381,0.6127449110442527,1.397829958547995,2.603800903177639,1.8627450980392168,0.07785761992551304
2026-09-01T14-47-26,MRK,BUY,2026-09-01 14:47:26+00:00,new,10,0.027645335192936306,quant,36,unfilled,,,,1.4967298795848587,2.79958283176235,1.870466321243522,0.028464896127630566
2026-09-01T14-47-26,IBM,SELL,2026-09-01 14:47:26+00:00,new,12,0.018704811222538816,quant,32,expired,12.0,1.0453162198098886,0.11279985072798189,1.457580212244015,2.7370850139423784,1.8778280542986405,0.013290169045558917
2026-09-01T14-47-26,BBVA.MC,BUY,2026-09-01 14:47:26+00:00,new,20,0.011010181158076882,quant,36,open,16.0,-0.16051731703402572,-0.018182233700068107,1.889029448181762,3.4456545728637265,1.824034334763947,0.0
2026-09-01T14-47-26,AMGN,BUY,2026-09-01 14:47:26+00:00,new,15,0.0180833813355775,quant,39,unfilled,,,,1.347945896240585,2.6126852556761957,1.9382716049382716,0.05062567061289642
2026-09-01T18-38-59,STLAM.MI,SELL,2026-09-01 18:38:59+00:00,new,10,0.02486345779433801,quant,49,expired,10.0,7.712763928352517,0.788043270940366,1.2447967544825336,2.3001679158916386,1.8478260869565222,0.2325876984771353
2026-09-01T18-38-59,BAYN.DE,BUY,2026-09-01 18:38:59+00:00,new,15,0.015580214222157671,quant,24,expired,15.0,1.74537831018593,0.23097805354906195,1.2522752670310093,2.382045344895942,1.9021739130434785,0.10570192119424761
2026-09-01T18-38-59,ASML.AS,BUY,2026-09-01 18:38:59+00:00,new,15,0.02223207812309872,quant,39,expired,15.0,5.560225799304086,0.5631207405252648,1.1467406712120305,2.195886391682612,1.9148936170212767,0.10370357203898373
2026-09-01T18-38-59,O39.SI,BUY,2026-09-01 18:38:59+00:00,new,15,0.012347313274734126,quant,36,unfilled,,,,1.1461023939845651,2.1916694902511846,1.9122807017543848,0.1617974133272798
2026-09-01T18-38-59,NESTE.HE,BUY,2026-09-01 18:38:59+00:00,new,15,0.01797180455052859,quant,27,expired,15.0,5.811435988365776,0.7258685491259956,1.1502391959990201,2.153922818762645,1.8725868725868733,0.16049378136345593
2026-09-01T19-26-27,STLAM.MI,SELL,2026-09-01 19:26:27+00:00,new,12,0.02486345779433801,quant,47,expired,12.0,10.563834170077712,0.8415257728705977,1.4574779874789463,2.742034857799375,1.8813559322033908,0.2325876984771353
2026-09-01T19-26-27,AMGN,BUY,2026-09-01 19:26:27+00:00,new,15,0.0177746176729581,quant,33,unfilled,,,,1.2384146960815174,2.3764173897780467,1.9189189189189189,0.12976626598643282
2026-09-03T06-26-46,MU,BUY,2026-09-03 06:26:46+00:00,new,15,0.04347266150948382,quant,46,unfilled,,,,1.099647560011659,2.0998919507567275,1.9096045197740112,0.0008607846658263521
2026-09-03T06-26-46,BBVA.MC,BUY,2026-09-03 06:26:46+00:00,new,15,0.010554441921548835,quant,61,open,14.0,-0.6786460648039894,-0.11724195809199961,1.4160525424075383,2.685616890772919,1.896551724137932,0.06755213093652263
2026-09-03T06-26-46,NESTE.HE,BUY,2026-09-03 06:26:46+00:00,new,20,0.01797180455052859,quant,24,open,14.0,10.12500524520874,1.2960006713867187,1.1485005541085944,2.14386770100271,1.8666666666666671,0.0458553661038461
2026-09-03T06-26-46,035720.KS,SELL,2026-09-03 06:26:46+00:00,new,15,0.03658827252288485,quant,24,open,14.0,6.302521008403361,0.3629032258064516,1.2957540050609475,2.352291886110643,1.8153846153846154,0.04331278236331315
2026-09-03T06-26-46,O39.SI,BUY,2026-09-03 06:26:46+00:00,new,20,0.012913480426651499,quant,39,open,13.0,-0.6279446827934909,-0.09478691064915952,1.147135479565498,2.1474811110349314,1.8720379146919384,0.03258926991397669
2026-09-04T06-11-04,QCOM,SELL,2026-09-04 06:11:04+00:00,new,14,0.022659344887770917,quant,34,stop,6.0,-4.767187580089605,-0.9999999999999979,1.2415523240371364,2.3589494156705584,1.8999999999999995,0.2845074446294816
2026-09-04T06-11-04,O39.SI,BUY,2026-09-04 06:11:04+00:00,new,15,0.01305045360496876,quant,35,open,13.0,-1.524579279475602,-0.2552082952525763,1.2165727430108209,2.365558111409921,1.9444444444444378,0.3163204607195361
2026-09-04T06-11-04,AMGN,BUY,2026-09-04 06:11:04+00:00,new,15,0.015126087507789546,quant,61,stop,1.0,-0.4646598006468494,-1.0000000000000047,1.3516789077802385,2.6261190208301777,1.9428571428571428,0.14113148753858532
2026-09-04T06-11-04,REGN,BUY,2026-09-04 06:11:04+00:00,new,15,0.01634612457858215,quant,58,open,11.0,-2.118227848898191,-0.28112783764803756,1.6021916833631507,2.9781915996632686,1.8588235294117648,0.17742625228703157
2026-09-04T11-43-59,BAYN.DE,BUY,2026-09-04 11:43:59+00:00,new,18,0.013981231305847937,quant,22,unfilled,,,,1.226708274356217,2.313221317357438,1.8857142857142861,0.5554382790605976
2026-09-04T11-43-59,PANW,BUY,2026-09-04 11:43:59+00:00,new,15,0.036142465615911966,quant,25,unfilled,,,,1.2529336944600684,2.351998338723286,1.8771929824561404,0.25870040112220916
2026-09-04T11-43-59,DSFIR.AS,BUY,2026-09-04 11:43:59+00:00,new,18,0.013856593352298715,quant,24,open,13.0,3.613940741677535,0.545752445520869,1.191441315201531,2.2362436993013355,1.8769230769230774,0.28951855791929954
2026-09-04T11-43-59,SAN.MC,BUY,2026-09-04 11:43:59+00:00,new,18,0.01154578260647951,quant,46,open,12.0,-0.8647825732921,-0.14102608118301918,1.251837228239528,2.311084113672971,1.846153846153843,0.3918608231991281
2026-09-04T11-43-59,MU,BUY,2026-09-04 11:43:59+00:00,new,15,0.03979794911661137,quant,35,unfilled,,,,1.152609767558757,2.1671824372062853,1.8802395209580838,0.2129767095833626
2026-09-04T14-26-12,STLAM.MI,SELL,2026-09-04 14:26:12+00:00,new,15,0.023936521446012906,quant,44,unfilled,,,,1.1936232540723666,2.276725836471365,1.907407407407407,0.3510435167434679
2026-09-04T14-26-12,BAYN.DE,BUY,2026-09-04 14:26:12+00:00,new,18,0.013981231305847937,quant,34,open,13.0,1.8801681266343406,0.27164220098239417,1.1668573659290975,2.2292200423720057,1.9104477611940287,0.3594012393921536
2026-09-04T14-26-12,OKTA,BUY,2026-09-04 14:26:12+00:00,new,15,0.059350744906422385,quant,36,unfilled,,,,1.0810060109428685,2.05654802081814,1.9024390243902438,0.3200841865807743
2026-09-04T14-26-12,DSFIR.AS,BUY,2026-09-04 14:26:12+00:00,new,18,0.013856593352298715,quant,34,open,13.0,3.613940741677535,0.5369782878652346,1.158526819990724,2.1699391231572296,1.8730158730158735,0.3929180428904765
2026-09-04T14-26-12,TSLA,SELL,2026-09-04 14:26:12+00:00,new,15,0.02563099589554815,quant,38,open,11.0,-5.4222530788845535,-0.4880027770996098,1.119299680916624,2.0986869017186702,1.875,0.33088774454986214
2026-09-04T18-55-56,CRWD,BUY,2026-09-04 18:55:56+00:00,new,15,0.04095769335099428,quant,39,unfilled,,,,1.2231717155350443,2.226799789820209,1.8205128205128205,0.6378361227096038
2026-09-04T18-55-56,SAN.MC,BUY,2026-09-04 18:55:56+00:00,new,20,0.011594234666564332,quant,49,open,11.0,-0.630420357153294,-0.1081085720577743,1.1246386731408142,2.06690350739393,1.837837837837839,0.5394694674789985
2026-09-04T18-55-56,MU,BUY,2026-09-04 18:55:56+00:00,new,15,0.038393712229382385,quant,64,unfilled,,,,1.0954173561298695,1.9967101175025468,1.8227848101265822,0.3969227860912683
2026-09-05T07-25-54,SNPS,SELL,2026-09-05 07:25:54+00:00,new,12,0.026279994774830066,quant,43,open,11.0,-4.323384299207089,-0.404186160065407,1.174969260965095,2.240639055793902,1.9069767441860466,0.3525819369480362
2026-09-05T07-25-54,MU,BUY,2026-09-05 07:25:54+00:00,new,12,0.038459726983916795,quant,33,open,9.0,8.905580782043154,0.5190530810835803,1.2878155184490416,2.4232268335313325,1.8816568047337279,0.3613371322466936
2026-09-06T14-31-29,MU,BUY,2026-09-06 14:31:29+00:00,new,15,0.038459726983916795,quant,55,open,9.0,10.02256109775641,0.6107498168945312,1.1017004846046687,2.0725740366625334,1.88125,0.47572052327128783
2026-09-06T14-31-29,CRWD,BUY,2026-09-06 14:31:29+00:00,new,14,0.0409746599043958,quant,59,open,11.0,26.040965620293676,1.5438572474888395,1.1001972825250435,2.058940628725438,1.8714285714285714,0.2868165566212292
2026-09-06T14-31-29,SAN.MC,BUY,2026-09-06 14:31:29+00:00,new,20,0.011594234666564332,quant,56,open,12.0,-1.0980419084137605,-0.15730375654242065,1.3462407671774959,2.4958396245425476,1.8539325842696621,0.35964631165266386
2026-09-06T14-31-29,AMGN,BUY,2026-09-06 14:31:29+00:00,new,18,0.015377204181640186,quant,60,stop,1.0,-2.861333839845037,-1.000000000000001,1.103045212163783,2.112976218105947,1.9155844155844148,0.6139448559807973
2026-09-06T14-31-29,PDD,SELL,2026-09-06 14:31:29+00:00,new,18,0.01974641402802447,quant,45,unfilled,,,,1.2007088881574042,2.2601579071198197,1.8823529411764706,0.6308666843832789
