AAPL,320193
MSFT,789019
GOOGL,1652044
AMZN,1018724
TSLA,1318605
META,1326801
NVDA,1045810
JPM,19617
V,1403161
UNH,73124
MA,1141391
PG,80424
HD,354950
CVX,93461
ABBV,1551152
LLY,59478
BAC,70858
AVGO,1730168
COST,909832
PEP,77476
ADBE,796343
KO,21344
CSCO,858877
WMT,104169
CRM,1108524
ABT,1800
XOM,34088
MCD,63908
DIS,1744489
ACN,1467373
LIN,1707925
ORCL,1341439
INTC,50863
VZ,732712
TMO,97745
DHR,31347
PFE,78003
CAT,18230
NKE,320187
CMCSA,1166691
AMGN,318154
LOW,60667
IBM,51143
MS,895421
HON,48039
GE,40545
NEE,753308
TXN,97476
QCOM,803351
PM,1413329
GS,1018711
RTX,1010135
DE,27341
AXP,4962
LMT,936468
BMY,14272
AMAT,6951
INTU,896878
SBUX,829224
UPS,1090772
MDLZ,1103982
UNP,100263
GILD,888502
ISRG,1035443
BKNG,1075531
C,831001
TJX,109198
SYK,310158
REGN,872589
BLK,1105466
VRTX,875320
MMC,62709
ELV,1156039
CVS,64803
ADP,8670
ADI,6281
LRCX,757664
MU,79958
SCHW,316709
ZTS,1555280
BSX,885725
CI,1739940
HCA,860731
DELL,1571996
ETN,1553023
ANET,1595808
PGR,80665
PANW,1327567
SNPS,883241
CDNS,813672
FDX,1048911
WM,105634
SHW,89800
ECL,31462
MCK,927653
MAR,104820
PH,76334
ITW,49857
EMR,32621
ORLY,898155
CTAS,723254
APH,827431
TDG,1261654
ROP,882835
CPRT,900075
MPC,1510295
NXPI,1413442
MCO,1059556
GD,40210
TT,1698035
KLAC,319201
USB,36104
AJG,354190
ADSK,769397
NSC,702165
TGT,27419
D,715957
KMB,55952
HUM,49071
AIG,5272
FISV,798354
DOW,1751788
STZ,16918
LHX,20286
BKR,1701605
AON,315297
MET,1099219
WELL,740260
VLO,1035065
PCAR,75387
CMI,26176
O,894315
EXC,1109357
KDP,1418135
PEG,78878
AWK,1411739
ED,23632
FE,1031296
AEE,1002910
ES,72741
PPL,922224
DTE,936340
ETR,65984
LNT,352541
NI,1111711
CNP,1130306
CMS,811156
PNW,764633
EVRG,1711269
ATO,733225
OGE,1021642
SR,1622996
SWX,1087456
UGI,884614
NJR,356309
NWN,73020
ONEW,1786500
SRE,1032208
WEC,78239
XEL,72903
