run,ticker,run_date,lean,dossier_file_key,status
2026-09-09T19-34-00,STLAM.MI,2026-09-09,SELL (weak),revision,watchlist
2026-09-09T19-34-00,BSX,2026-09-09,none evident,round-3,watchlist
2026-09-09T19-34-00,9988.HK,2026-09-09,none evident,revision,watchlist
2026-09-09T19-34-00,QCOM,2026-09-09,BUY (clear),round-3,watchlist
2026-09-09T19-34-00,BKNG,2026-09-09,BUY (weak),round-1,watchlist
2026-09-09T19-34-00,2330.TW,2026-09-09,BUY (weak),revision,rejected
2026-09-10T06-49-03,ASML.AS,2026-09-10,BUY (clear),round-1,watchlist
2026-09-10T06-49-03,NOKIA.HE,2026-09-10,none evident,round-2,watchlist
2026-09-10T06-49-03,TTE.PA,2026-09-10,BUY (weak),round-1,watchlist
2026-09-10T06-49-03,GE,2026-09-10,none evident,round-3,watchlist
2026-09-10T06-49-03,BSX,2026-09-10,none evident,round-1,watchlist
2026-09-10T06-49-03,QCOM,2026-09-10,none evident,round-3,watchlist
2026-09-10T06-49-03,BHP.AX,2026-09-10,none evident,revision,rejected
2026-09-10T06-49-03,NET,2026-09-10,none evident,round-1,watchlist
2026-09-10T06-49-03,9988.HK,2026-09-10,BUY (weak),round-1,watchlist
2026-09-10T06-49-03,2330.TW,2026-09-10,BUY (weak),round-2,watchlist
2026-09-13T11-30-16,TTE.PA,2026-09-13,BUY (weak),round-1,watchlist
2026-09-13T11-30-16,SNOW,2026-09-13,SELL (weak),round-1,watchlist
2026-09-13T11-30-16,MU,2026-09-13,none evident,round-1,watchlist
2026-09-13T11-30-16,TTD,2026-09-13,none evident,round-1,watchlist
2026-09-13T11-30-16,SAN.PA,2026-09-13,none evident,round-1,watchlist
2026-09-13T11-30-16,ORCL,2026-09-13,none evident,round-1,watchlist
2026-09-13T11-30-16,BAC,2026-09-13,none evident,round-1,watchlist
2026-09-13T11-30-16,2330.TW,2026-09-13,none evident,round-1,watchlist
2026-09-13T11-30-16,9988.HK,2026-09-13,none evident,round-1,watchlist
2026-09-13T11-30-16,REGN,2026-09-13,none evident,round-1,watchlist
2026-09-13T11-30-16,TSLA,2026-09-13,none evident,round-1,watchlist
2026-09-13T11-30-16,ABBV,2026-09-13,none evident,round-1,watchlist
2026-09-15T17-00-30,ASML.AS,2026-09-15,none evident,revision,rejected
2026-09-15T17-00-30,OKTA,2026-09-15,SELL (weak),round-3,watchlist
2026-09-15T17-00-30,NOKIA.HE,2026-09-15,none evident,round-2,watchlist
2026-09-15T17-00-30,BAC,2026-09-15,none evident,round-2,watchlist
2026-09-15T17-00-30,TTE.PA,2026-09-15,BUY (weak),revision,watchlist
2026-09-15T17-00-30,SNOW,2026-09-15,SELL (weak),round-1,watchlist
2026-09-15T17-00-30,LLY,2026-09-15,BUY (weak),round-2,watchlist
2026-09-15T17-00-30,REGN,2026-09-15,BUY (weak),round-1,watchlist
2026-09-15T17-00-30,TTD,2026-09-15,none evident,round-1,watchlist
2026-09-15T17-00-30,ORCL,2026-09-15,none evident,revision,watchlist
2026-09-15T17-00-30,JNJ,2026-09-15,none evident,revision,watchlist
2026-09-15T17-00-30,9988.HK,2026-09-15,none evident,round-1,watchlist
2026-09-23T14-22-22,ASML.AS,2026-09-23,BUY (weak),revision,watchlist
2026-09-23T14-25-54,STLAM.MI,2026-09-23,SELL (clear),round-1,watchlist
2026-09-23T14-42-49,STLAM.MI,2026-09-23,SELL (weak),revision,watchlist
2026-09-23T15-15-23,STLAM.MI,2026-09-23,SELL (clear),revision-compacted,watchlist
2026-09-23T15-22-09,NOKIA.HE,2026-09-23,BUY (weak),revision,watchlist
2026-09-23T15-25-44,2330.TW,2026-09-23,BUY (weak),round-3,watchlist
2026-09-23T15-31-25,2330.TW,2026-09-23,none evident,revision,watchlist
2026-09-23T15-50-35,2330.TW,2026-09-23,none evident,round-2-schema-repair,watchlist
2026-09-23T15-54-10,2330.TW,2026-09-23,BUY (clear),round-1-compacted,watchlist
2026-09-23T15-58-13,2330.TW,2026-09-23,BUY (weak),revision-compacted,watchlist
2026-09-23T16-06-06,9988.HK,2026-09-23,none evident,revision-compacted,watchlist
2026-09-23T16-09-49,BHP.AX,2026-09-23,none evident,revision,rejected
2026-09-23T16-11-33,MRVL,2026-09-23,none evident,revision,watchlist
2026-09-23T16-11-33,CRM,2026-09-23,none evident,revision-compacted,watchlist
2026-09-23T16-11-33,AMGN,2026-09-23,none evident,revision,watchlist
2026-09-23T16-11-33,6758.T,2026-09-23,none evident,revision,watchlist
2026-09-23T16-11-33,ENI.MI,2026-09-23,BUY (weak),revision-compacted,watchlist
2026-09-23T16-11-33,TTE.PA,2026-09-23,BUY (weak),round-1-compacted,watchlist
2026-09-23T16-11-33,ORCL,2026-09-23,none evident,revision,watchlist
2026-09-23T16-11-33,BA,2026-09-23,none evident,revision,watchlist
2026-09-23T16-11-33,VRTX,2026-09-23,none evident,revision-compacted,watchlist
2026-09-23T16-11-33,OKTA,2026-09-23,SELL (weak),round-1-compacted,watchlist
2026-09-23T16-22-19,CDNS,2026-09-23,none evident,revision-compacted,watchlist
2026-09-23T16-22-19,7203.T,2026-09-23,none evident,revision-compacted,watchlist
2026-09-23T16-22-19,ENI.MI,2026-09-23,none evident,revision,watchlist
2026-09-23T16-22-19,DBK.DE,2026-09-23,none evident,revision-compacted,rejected
2026-09-23T16-22-19,ORCL,2026-09-23,none evident,revision,watchlist
2026-09-23T16-22-19,BA,2026-09-23,none evident,revision-compacted,watchlist
2026-09-23T16-22-19,VRTX,2026-09-23,none evident,revision,rejected
2026-09-23T16-22-19,OKTA,2026-09-23,BUY (weak),round-1-compacted,watchlist
2026-09-23T16-22-19,ON,2026-09-23,none evident,round-1,watchlist
2026-09-23T16-22-19,6758.T,2026-09-23,none evident,round-1,watchlist
2026-09-23T16-41-31,CDNS,2026-09-23,none evident,revision-compacted,watchlist
2026-09-23T16-41-31,7203.T,2026-09-23,none evident,revision-compacted,watchlist
2026-09-23T16-41-31,STLAM.MI,2026-09-23,SELL (clear),round-2,watchlist
2026-09-23T16-41-31,BA,2026-09-23,none evident,revision-compacted,watchlist
2026-09-23T16-41-31,2412.TW,2026-09-23,BUY (weak),revision,watchlist
2026-09-23T16-41-31,ENI.MI,2026-09-23,BUY (weak),revision-compacted,watchlist
2026-09-23T16-41-31,ORCL,2026-09-23,none evident,revision,watchlist
2026-09-23T16-41-31,NET,2026-09-23,SELL (weak),revision,watchlist
2026-09-23T16-41-31,VRTX,2026-09-23,none evident,revision-compacted,watchlist
2026-09-23T16-41-31,ON,2026-09-23,none evident,revision-compacted,watchlist
2026-09-23T17-02-22,CRM,2026-09-23,none evident,revision-compacted,watchlist
2026-09-23T17-02-22,NET,2026-09-23,SELL (weak),revision-compacted,watchlist
2026-09-23T17-02-22,STLAM.MI,2026-09-23,SELL (weak),revision,watchlist
2026-09-23T17-02-22,OKTA,2026-09-23,none evident,revision,watchlist
2026-09-23T17-02-22,ENI.MI,2026-09-23,BUY (clear),revision-compacted,watchlist
2026-09-23T17-02-22,DBK.DE,2026-09-23,none evident,revision,watchlist
2026-09-23T17-02-22,ON,2026-09-23,none evident,round-1,watchlist
2026-09-23T17-02-22,ORCL,2026-09-23,none evident,revision,watchlist
2026-09-23T17-02-22,BA,2026-09-23,none evident,revision-compacted,watchlist
2026-09-23T17-02-22,VRTX,2026-09-23,none evident,round-2,watchlist
