# Point-in-time Nasdaq-100 membership: the first row is the full membership on its date,
# every later row the tickers added and removed that day (space-separated, as traded then).
# Source: jmccarrell/n100tickers (MIT), n100-ticker-changes-2015..2026.yaml; a rename is a removal plus an addition.
# Generated by build_nq100.py; do not edit rows by hand, re-fetch and re-run.
date,added,removed,renamed
2015-01-01,AAL AAPL ADBE ADI ADP ADSK AKAM ALTR ALXN AMAT AMGN AMZN ATVI AVGO BBBY BIDU BIIB BRCM CA CELG CERN CHKP CHRW CHTR CMCSA COST CSCO CTRX CTSH CTXS DISCA DISCK DISH DLTR DTV EA EBAY EQIX ESRX EXPD FAST FB FISV FOX FOXA GILD GMCR GOOG GOOGL GRMN HSIC ILMN INTC INTU ISRG KLAC KRFT LBTYA LBTYK LLTC LMCA LMCK LRCX MAR MAT MDLZ MNST MSFT MU MYL NFLX NTAP NVDA NXPI ORLY PAYX PCAR PCLN QCOM QVCA REGN ROST SBAC SBUX SIAL SIRI SNDK SPLS SRCL STX SYMC TRIP TSCO TSLA TXN VIAB VIP VOD VRSK VRTX WDC WFM WYNN XLNX YHOO,,
# the main source of these changes is the wikipedia page,,,
2015-03-23,WBA,EQIX,
2015-07-02,KHC LILA LILAK,KRFT,
2015-07-27,BMRN,DTV,
2015-07-29,JD,CTRX,
2015-08-03,SWKS,SIAL,
2015-10-07,INCY,ALTR,
2015-11-11,PYPL,BRCM,
2015-12-21,CTRP ENDP EXPE MXIM NCLH TMUS ULTA,CHRW EXPD GMCR GRMN LILA LILAK SPLS VIP WYNN,
# the main source of these changes is the wikipedia page,,,
2016-02-22,CSX,KLAC,
2016-03-16,NTES,SNDK,
2016-04-18,BATRA BATRK,,
2016-06-10,XRAY,BATRA BATRK LMCA LMCK,
2016-07-18,MCHP,ENDP,
2016-10-19,SHPG,LLTC,
2016-12-19,CTAS HAS HOLX KLAC,BBBY NTAP SRCL WFM,
# the main source of these changes is the wikipedia page,,,
2017-02-07,JBHT,NXPI,
2017-03-20,IDXX,SBAC,
2017-04-24,WYNN,TRIP,
2017-06-19,MELI,YHOO,
2017-10-23,ALGN,MAT,
2017-12-18,ASML CDNS SNPS TTWO WDAY,AKAM DISCA DISCK NCLH TSCO VIAB,
2018-02-27,BKNG,PCLN,
2018-04-09,QRTEA,QVCA,
2018-07-23,PEP,DISH,
2018-11-05,NXPI,CA,
2018-11-19,XEL,XRAY,
2018-12-24,AMD LULU NTAP UAL VRSN WLTW,ESRX HOLX QRTEA SHPG STX VOD,
2019-11-05,NLOK TCOM,CTRP SYMC,
2019-11-19,EXC,CELG,
2019-12-23,ANSS CDW CPRT CSGP SGEN SPLK,HAS HSIC JBHT MYL NLOK WYNN,
2020-04-20,DXCM,AAL,
2020-04-30,ZM,WLTW,
2020-06-22,DOCU,UAL,
2020-07-20,MRNA,CSGP,
2020-08-24,PDD,NTAP,
2020-10-19,KDP,WDC,
2020-12-21,AEP MRVL MTCH OKTA PTON TEAM,BMRN CTXS EXPE LBTYA LBTYK TTWO ULTA,
2021-07-21,HON,ALXN,
2021-08-26,CRWD,MXIM,
2021-12-20,ABNB DDOG FTNT LCID PANW ZS,CDW CERN CHKP FOX FOXA INCY TCOM,
2022-01-24,ODFL,PTON,
2022-02-02,CEG,,
2022-02-22,AZN,XLNX,
2022-06-09,META,FB,
2022-11-21,ENPH,OKTA,
2022-12-19,BKR CSGP FANG GFS RIVN WBD,BIDU DOCU MTCH NTES SPLK SWKS VRSN,
2023-06-07,GEHC,FISV,
2023-06-20,ON,RIVN,
2023-07-17,TTD,ATVI,
2023-12-14,TTWO,SGEN,
2023-12-18,CCEP CDW DASH MDB ROP SPLK,ALGN EBAY ENPH JD LCID ZM,
2024-03-18,LIN,SPLK,
2024-06-24,ARM,SIRI,
2024-07-22,SMCI,WBA,
2024-11-18,APP,DLTR,
2024-12-23,AXON MSTR PLTR,ILMN MRNA SMCI,
2025-05-19,SHOP,MDB,
2025-07-28,TRI,ANSS,
2025-10-30,SOLS,,
2025-11-06,,SOLS,
2025-12-22,ALNY FER INSM MPWR STX WDC,BIIB CDW GFS LULU ON TTD,
2026-01-05,VSNT,,
2026-01-09,,VSNT,
2026-01-20,WMT,AZN,
2026-04-20,SNDK,TEAM,
2026-05-18,LITE,CSGP,
2026-06-22,ALAB CRWV NBIS RKLB TER,CHTR CTSH INSM VRSK ZS,
2026-06-29,HONA,,
2026-07-07,SPCX,,
2026-08-04,,EA,
2026-09-14,,KHC,
