# Point-in-time S&P 500 membership: the first row is the full membership on its date,
# every later row the tickers added, removed and renamed (OLD>NEW) that day, space-separated.
# On one date: renames, then removals, then additions.
# Source: Wikipedia, List of S&P 500 companies + Historical components of the S&P 500 (CC BY-SA),
# today's 503 constituents walked back through 273 dated changes; renames: sp500_renames.csv.
# Generated by build_sp500.py; do not edit rows by hand, re-fetch and re-run.
date,added,removed,renamed
2015-01-01,A AA AAPL ABBV ABC ABT ACE ACN ACT ADBE ADI ADM ADP ADS ADSK ADT AEE AEP AES AET AFL AGN AIG AIV AIZ AKAM ALL ALLE ALTR ALXN AMAT AME AMG AMGN AMP AMT AMZN AN ANDV ANTM AON APA APC APD APH APTV ARG ATI AVB AVGO AVP AVY AXP AZO BA BAC BAX BBBY BBT BBY BCR BDX BEN BF.B BHI BIIB BK BKNG BLK BLL BMY BRCM BRK.B BSX BWA BXP C CA CAG CAH CAM CAT CB CBRE CBS CCE CCI CCL CELG CERN CF CFN CHK CHRW CI CINF CL CLX CMA CMCSA CME CMG CMI CMS CNP CNX COF COG COL COP COST COV CPB CRM CSC CSCO CSX CTAS CTL CTSH CTXS CVC CVS CVX D DAL DD DE DFS DG DGX DHI DHR DIS DISCA DISCK DLTR DNB DNR DO DOV DOW DPS DRI DTE DTV DUK DVA DVN EA EBAY ECL ED EFX EIX EL EMC EMN EMR EOG EQR EQT ES ESRX ESS ESV ETFC ETN ETR EW EXC EXPD EXPE F FAST FB FCX FDO FDX FE FFIV FIS FISV FITB FLIR FLR FLS FMC FOSL FOXA FSLR FTI FTR GAS GD GE GGP GILD GIS GLW GM GMCR GME GNW GOOG GOOGL GPC GPS GRMN GS GT GWW HAL HAR HAS HBAN HCBK HCP HD HES HIG HOG HON HOT HP HPQ HRB HRL HRS HSP HST HSY HUM IBM ICE IFF INTC INTU IP IPG IR IRM ISRG ITW IVZ JCI JEC JEF JNJ JNPR JOY JPM JWN K KEY KIM KLAC KMB KMI KMX KO KORS KR KRFT KSS KSU L LB LEG LEN LH LLL LLTC LLY LM LMT LNC LO LOW LRCX LUV LVLT LYB M MA MAC MAR MAS MAT MCD MCHP MCK MCO MDLZ MDT MET MHK MJN MKC MLM MMC MMM MNK MNST MO MON MOS MPC MRK MRO MS MSFT MSI MTB MU MUR MWV MYL NAVI NBL NBR NDAQ NE NEE NEM NFLX NFX NI NKE NLSN NOC NOV NRG NSC NTAP NTRS NUE NVDA NWL NWSA OI OKE OMC ORCL ORLY OXY PAYX PBCT PBI PCAR PCG PCL PCP PDCO PEG PEP PETM PFE PFG PG PGR PH PHM PKI PLD PLL PM PNC PNR PNW POM PPG PPL PRGO PRU PSA PSX PVH PWR PX PXD QCOM QEP R RAI RCL REGN RF RHI RHT RIG RL ROK ROP ROST RRC RSG RTN SBUX SCG SCHW SE SEE SHW SIAL SJM SLB SNA SNDK SNI SO SPG SPGI SPLS SRCL SRE STI STJ STT STX STZ SWK SWN SWY SYK SYMC SYY T TAP TDC TE TEG TEL TGNA TGT THC TIF TJX TMK TMO TPR TRIP TROW TRV TSCO TSN TSS TWC TWX TXN TXT TYC UAA UHS UNH UNM UNP UPS URBN URI USB UTX V VAR VFC VIAB VLO VMC VNO VRSN VRTX VTR VZ WAT WBA WDC WEC WELL WFC WFM WHR WIN WM WMB WMT WU WY WYN WYNN XEC XEL XL XLNX XOM XRAY XRX XYL YHOO YUM ZBH ZION ZTS,,
2015-01-27,ENDP HCA,COV SWY,
2015-03-12,SWKS,PETM,
2015-03-18,HSIC,CFN,
2015-03-23,AAL EQIX HBI SLG,AGN AVP DNR NBR,
2015-04-07,O,WIN,
2015-06-11,QRVO,LO,
2015-06-15,,,ACT>AGN
2015-07-01,BXLT JBHT,QEP TEG,
2015-07-02,CPGX,ATI,MWV>WRK
2015-07-06,KHC,KRFT,
2015-07-08,AAP,FDO,
2015-07-20,PYPL,NE,
2015-07-29,SIG,DTV,
2015-08-28,ATVI,PLL,
2015-09-02,UAL,HSP,
2015-09-18,CMCSK FOX NWS,,
2015-10-07,VRSK,JOY,
2015-11-02,HPE,HCBK,
2015-11-18,SYF,GNW,
2015-11-19,ILMN,SIAL,
2015-12-01,CSRA,CSC,
2015-12-15,,CMCSK,
2015-12-29,CHD,ALTR,
2016-01-05,WLTW,FOSL,
2016-01-19,EXR,ACE,
2016-02-01,CFG FRT,BRCM PCP,
2016-02-22,CXO,PCL,
2016-03-04,AWK,CNX,
2016-03-07,UDR,GMCR,
2016-03-30,CNC HOLX,ESV POM,
2016-04-04,FL,CAM,
2016-04-08,UA,,
2016-04-18,ULTA,THC,
2016-04-25,GPN,GME,
2016-05-03,AYI,ADT,
2016-05-13,ALK,SNDK,
2016-05-18,DLR,TWC,
2016-05-23,LKQ,ARG,
2016-05-31,AJG,CCE,
2016-06-03,TDG,BXLT,
2016-06-22,FBHS,CVC,
2016-07-01,ALB LNT,GAS TE,
2016-07-05,FTV,CPGX,
2016-09-06,MTD,TYC,
2016-09-08,CHTR,EMC,
2016-09-22,COO,HOT,
2016-09-30,COTY,DO,
2016-11-01,ARNC,AA,
2016-12-02,EVHC MAA,LM OI,
2017-01-05,IDXX,STJ,
2017-02-28,INCY,SE,
2017-03-01,CBOE,PBI,
2017-03-02,REG,ENDP,
2017-03-13,DISH,LLTC,
2017-03-16,SNPS,HAR,
2017-03-20,AMD ARE RJF,FSLR FTR URBN,
2017-04-04,DXC,SWN,
2017-04-05,IT,DNB,
2017-06-02,INFO,TGNA,
2017-06-19,ALGN ANSS HLT RE,MJN R TDC YHOO,
2017-07-07,BKR,BHI,
2017-07-26,AOS DRE MGM PKG RMD,BBBY MNK MUR RAI RIG,
2017-08-08,BHF,AN,
2017-08-29,Q,WFM,
2017-09-01,DWDP SBAC,DD DOW,
2017-09-18,CDNS,SPLS,
2017-10-13,NCLH,LVLT,
2017-11-15,IQV,Q,
2018-01-03,HII,BCR,
2018-03-07,IPGP,SNI,
2018-03-19,NKTR SIVB TTWO,CHK PDCO SIG,
2018-04-04,MSCI,CSRA,
2018-05-31,ABMD,WYN,
2018-06-05,EVRG,NAVI,
2018-06-07,TWTR,MON,
2018-06-18,BR HFC,AYI RRC,
2018-06-20,FLT,TWX,
2018-07-02,CPRT,DPS,
2018-08-28,ANET,GGP,
2018-09-14,WCG,XL,
2018-10-01,ROL,ANDV,
2018-10-11,FTNT,EVHC,
2018-10-31,,,PX>LIN
2018-11-06,KEYS,CA,
2018-11-13,JKHY,EQT,
2018-12-03,FANG LW MXIM,AET COL SRCL,
2018-12-24,CE,ESRX,
2019-01-02,FRC,SCG,KORS>CPRI
2019-01-18,TFX,PCG,
2019-02-15,ATO,NFX,
2019-02-27,WAB,GT,
2019-03-19,FOX FOXA,FOX FOXA,
2019-04-02,DOW,BHF,
2019-06-03,CTVA DD,DWDP FLR,
2019-06-07,BMS,MAT,
2019-06-11,AMCR,BMS,
2019-07-01,MKTX,LLL,HRS>LHX
2019-07-15,TMUS,RHT,
2019-08-08,,,TMK>GL
2019-08-09,IEX LDOS,APC FL,
2019-09-23,CDW,TSS,
2019-09-26,NVR,JEF,
2019-10-03,LVS,NKTR,
2019-11-05,,,HCP>PEAK SYMC>NLOK
2019-11-21,NOW,CELG,
2019-12-05,WRB,VIAB,CBS>VIAC
2019-12-09,ODFL,STI,BBT>TFC
2019-12-10,,,JEC>J
2019-12-23,LYV STE ZBRA,AMG MAC TRIP,
2020-01-28,PAYC,WCG,
2020-03-02,IR,XEC,IR>TT
2020-04-01,HWM,ARNC,
2020-04-03,CARR OTIS,,UTX>RTX
2020-04-06,,M RTN,
2020-05-12,DPZ DXCM,AGN CPRI,
2020-05-22,WST,HP,
2020-06-22,BIO TDY TYL,ADS HOG JWN,
2020-09-18,,,CTL>LUMN
2020-09-21,CTLT ETSY TER,COTY HRB KSS,
2020-10-07,POOL,ETFC,
2020-10-09,VNT,,
2020-10-12,,NBL,
2020-11-17,,,MYL>VTRS
2020-12-21,TSLA,AIV,
2021-01-07,ENPH,TIF,
2021-01-21,TRMB,CXO,
2021-02-12,MPWR,FTI,
2021-03-22,CZR GNRC NXPI PENN,FLS SLG VNT XRX,
2021-04-20,PTC,VAR,
2021-05-14,CRL,FLIR,
2021-06-03,OGN,,
2021-06-04,,HFC,
2021-07-21,MRNA,ALXN,
2021-08-03,,,LB>BBWI
2021-08-30,TECH,MXIM,
2021-09-20,BRO CDAY MTCH,NOV PRGO UNM,
2021-10-04,,,COG>CTRA
2021-12-14,EPAM,KSU,
2021-12-20,FDS SBNY SEDG,HBI LEG WU,
2022-01-10,WTW,WLTW,
2022-02-02,CEG,,
2022-02-03,,GPS,
2022-02-15,NDSN,XLNX,
2022-02-17,,,VIAC>PARA
2022-03-02,MOH,INFO,
2022-04-04,CPT,PBCT,
2022-04-11,WBD,DISCA DISCK,
2022-05-10,,,BLL>BALL
2022-06-08,VICI,CERN,
2022-06-09,,,FB>META
2022-06-21,KDP ON,IPGP UA UAA,
2022-06-28,,,ANTM>ELV
2022-09-19,CSGP INVH,PENN PVH,
2022-10-03,EQT PCG,CTXS DRE,
2022-10-12,TRGP,NLSN,
2022-11-01,ACGL,TWTR,
2022-11-08,,,NLOK>GEN
2022-12-15,MBC,,
2022-12-19,FSLR,FBHS MBC,
2022-12-22,STLD,ABMD,
2023-01-04,GEHC,,
2023-01-05,,VNO,
2023-03-15,BG PODD,SBNY SIVB,
2023-03-20,FICO,LUMN,
2023-05-04,AXON,FRC,
2023-05-16,,,PKI>RVTY
2023-06-08,,,FISV>FI
2023-06-20,PANW,DISH,
2023-07-10,,,RE>EG
2023-08-25,KVUE,AAP,
2023-08-30,,,ABC>COR
2023-09-18,ABNB BX,LNC NWL,
2023-10-02,VLTO,,
2023-10-03,,DXC,
2023-10-18,HUBB LULU,ATVI OGN,
2023-12-18,BLDR JBL UBER,ALK SEDG SEE,
2024-02-01,DAY,CDAY,
2024-03-04,,,PEAK>DOC
2024-03-18,DECK SMCI,WHR ZION,
2024-03-25,,,FLT>CPAY
2024-04-01,SOLV,,
2024-04-02,GEV,,
2024-04-03,,VFC XRAY,
2024-05-08,VST,PXD,
2024-06-24,CRWD GDDY KKR,CMA ILMN RHI,
2024-07-08,,,WRK>SW
2024-09-23,DELL ERIE PLTR,AAL BIO ETSY,
2024-09-30,AMTM,,
2024-10-01,,BBWI,
2024-11-26,TPL,MRO,
2024-12-23,APO LII WDAY,AMTM CTLT QRVO,
2025-03-24,DASH EXE TKO WSM,BWA CE FMC TFX,
2025-05-19,COIN,DFS,
2025-07-09,DDOG,JNPR,
2025-07-18,TTD,ANSS,
2025-07-23,XYZ,HES,
2025-08-07,,,PARA>PSKY
2025-08-28,IBKR,WBA,
2025-09-22,APP EME HOOD,CZR ENPH MKTX,
2025-10-30,SOLS,,
2025-10-31,,KMX,
2025-11-03,Q,,FI>FISV
2025-11-04,,EMN,
2025-11-28,SNDK,IPG,
2025-12-11,ARES,K,
2025-12-22,CRH CVNA FIX,LKQ MHK SOLS,
2026-01-14,,,MMC>MRSH
2026-02-09,CIEN,DAY,
2026-03-23,COHR LITE SATS VRT,LW MOH MTCH PAYC,
2026-03-24,,,SATS>ECHO
2026-04-09,CASY,HOLX,
2026-05-07,VEEV,CTRA,
2026-05-21,,,BK>BNY
2026-06-01,FDXF,,
2026-06-02,,EPAM,
2026-06-22,FLEX MRVL,CPB POOL,
2026-06-29,HONA,,
2026-06-30,,CAG,
2026-08-05,FERG,EA,
2026-08-18,RDDT,AVB,EQR>VMRK
2026-09-21,BE ILMN P,BLDR TAP TTD,
